<?xml version="1.0" encoding="UTF-8" standalone="no"?>
<raConfiguration version="4">
  <generalSettings>
    <option key="#Board#" value="board.ra6m3gek"/>
    <option key="CPU" value="RA6M3"/>
    <option key="#TargetName#" value="R7FA6M3AH3CFC"/>
    <option key="#TargetARCHITECTURE#" value="cortex-m4"/>
    <option key="#RTOS#" value="rtos.awsfreertos"/>
    <option key="#pinconfiguration#" value="RA6M3G-EK.pincfg"/>
    <option key="#FSPVersion#" value="0.8.0"/>
    <option key="#DefaultLinkerScript#" value="ra6m3.ld"/>
    <option key="#ConfigurationFragments#" value="Renesas##BSP##Board##ra6m3g_ek##"/>
    <option key="#SELECTED_TOOLCHAIN#" value="gcc-arm-embedded"/>
  </generalSettings>
  <raBspConfiguration>
    <config id="config.bsp.ra6m3.R7FA6M3AH3CFC">
      <property id="config.bsp.part_number" value="config.bsp.part_number.value"/>
      <property id="config.bsp.rom_size_bytes" value="config.bsp.rom_size_bytes.value"/>
      <property id="config.bsp.ram_size_bytes" value="config.bsp.ram_size_bytes.value"/>
      <property id="config.bsp.data_flash_size_bytes" value="config.bsp.data_flash_size_bytes.value"/>
      <property id="config.bsp.package_style" value="config.bsp.package_style.value"/>
      <property id="config.bsp.package_pins" value="config.bsp.package_pins.value"/>
    </config>
    <config id="config.bsp.ra6m3">
      <property id="config.bsp.series" value="config.bsp.series.value"/>
    </config>
    <config id="config.bsp.ra6m3.fsp">
      <property id="config.bsp.fsp.OFS0.iwdt_start_mode" value="config.bsp.fsp.OFS0.iwdt_start_mode.disabled"/>
      <property id="config.bsp.fsp.OFS0.iwdt_timeout" value="config.bsp.fsp.OFS0.iwdt_timeout.2048"/>
      <property id="config.bsp.fsp.OFS0.iwdt_divisor" value="config.bsp.fsp.OFS0.iwdt_divisor.128"/>
      <property id="config.bsp.fsp.OFS0.iwdt_window_end" value="config.bsp.fsp.OFS0.iwdt_window_end.0"/>
      <property id="config.bsp.fsp.OFS0.iwdt_window_start" value="config.bsp.fsp.OFS0.iwdt_window_start.100"/>
      <property id="config.bsp.fsp.OFS0.iwdt_reset_interrupt" value="config.bsp.fsp.OFS0.iwdt_reset_interrupt.Reset"/>
      <property id="config.bsp.fsp.OFS0.iwdt_stop_control" value="config.bsp.fsp.OFS0.iwdt_stop_control.stops"/>
      <property id="config.bsp.fsp.OFS0.wdt_start_mode" value="config.bsp.fsp.OFS0.wdt_start_mode.register"/>
      <property id="config.bsp.fsp.OFS0.wdt_timeout" value="config.bsp.fsp.OFS0.wdt_timeout.16384"/>
      <property id="config.bsp.fsp.OFS0.wdt_divisor" value="config.bsp.fsp.OFS0.wdt_divisor.128"/>
      <property id="config.bsp.fsp.OFS0.wdt_window_end" value="config.bsp.fsp.OFS0.wdt_window_end.0"/>
      <property id="config.bsp.fsp.OFS0.wdt_window_start" value="config.bsp.fsp.OFS0.wdt_window_start.100"/>
      <property id="config.bsp.fsp.OFS0.wdt_reset_interrupt" value="config.bsp.fsp.OFS0.wdt_reset_interrupt.Reset"/>
      <property id="config.bsp.fsp.OFS0.wdt_stop_control" value="config.bsp.fsp.OFS0.wdt_stop_control.stops"/>
      <property id="config.bsp.fsp.OFS1.voltage_detection0.start" value="config.bsp.fsp.OFS1.voltage_detection0.start.disabled"/>
      <property id="config.bsp.fsp.OFS1.voltage_detection0_level" value="config.bsp.fsp.OFS1.voltage_detection0_level.280"/>
      <property id="config.bsp.fsp.OFS1.hoco_osc" value="config.bsp.fsp.OFS1.hoco_osc.disabled"/>
      <property id="config.bsp.fsp.mpu_pc0_enable" value="config.bsp.fsp.mpu_pc0_enable.disabled"/>
      <property id="config.bsp.fsp.mpu_pc0_start" value="0xFFFFFFFC"/>
      <property id="config.bsp.fsp.mpu_pc0_end" value="0xFFFFFFFF"/>
      <property id="config.bsp.fsp.mpu_pc1_enable" value="config.bsp.fsp.mpu_pc1_enable.disabled"/>
      <property id="config.bsp.fsp.mpu_pc1_start" value="0xFFFFFFFC"/>
      <property id="config.bsp.fsp.mpu_pc1_end" value="0xFFFFFFFF"/>
      <property id="config.bsp.fsp.mpu_reg0_enable" value="config.bsp.fsp.mpu_reg0_enable.disabled"/>
      <property id="config.bsp.fsp.mpu_reg0_start" value="0x00FFFFFC"/>
      <property id="config.bsp.fsp.mpu_reg0_end" value="0x00FFFFFF"/>
      <property id="config.bsp.fsp.mpu_reg1_enable" value="config.bsp.fsp.mpu_reg1_enable.disabled"/>
      <property id="config.bsp.fsp.mpu_reg1_start" value="0x200FFFFC"/>
      <property id="config.bsp.fsp.mpu_reg1_end" value="0x200FFFFF"/>
      <property id="config.bsp.fsp.mpu_reg2_enable" value="config.bsp.fsp.mpu_reg2_enable.disabled"/>
      <property id="config.bsp.fsp.mpu_reg2_start" value="0x407FFFFC"/>
      <property id="config.bsp.fsp.mpu_reg2_end" value="0x407FFFFF"/>
      <property id="config.bsp.fsp.mpu_reg3_enable" value="config.bsp.fsp.mpu_reg3_enable.disabled"/>
      <property id="config.bsp.fsp.mpu_reg3_start" value="0x400DFFFC"/>
      <property id="config.bsp.fsp.mpu_reg3_end" value="0x400DFFFF"/>
      <property id="config.bsp.fsp.mcu.adc.max_freq_hz" value="60000000"/>
    </config>
    <config id="config.bsp.ra">
      <property id="config.bsp.common.main" value="0x400"/>
      <property id="config.bsp.common.heap" value="4000"/>
      <property id="config.bsp.common.vcc" value="3300"/>
      <property id="config.bsp.common.checking" value="config.bsp.common.checking.disabled"/>
      <property id="config.bsp.common.assert" value="config.bsp.common.assert.none"/>
      <property id="config.bsp.common.error_log" value="config.bsp.common.error_log.none"/>
      <property id="config.bsp.common.id_mode" value="config.bsp.common.id_mode.unlocked"/>
      <property id="config.bsp.common.id_code" value="FFFFFFFFFFFFFFFFFFFFFFFFFFFFFFFF"/>
      <property id="config.bsp.common.soft_reset" value="config.bsp.common.soft_reset.disabled"/>
      <property id="config.bsp.common.pfs_protect" value="config.bsp.common.pfs_protect.enabled"/>
      <property id="config.bsp.common.main_osc_wait" value="config.bsp.common.main_osc_wait.wait_8163"/>
      <property id="config.bsp.common.main_osc_clock_source" value="config.bsp.common.main_osc_clock_source.crystal"/>
      <property id="config.bsp.common.subclock_populated" value="config.bsp.common.subclock_populated.enabled"/>
      <property id="config.bsp.common.subclock_drive" value="config.bsp.common.subclock_drive.standard"/>
      <property id="config.bsp.common.subclock_stabilization_ms" value="1000"/>
      <property id="config.bsp.common.id1" value=""/>
      <property id="config.bsp.common.id2" value=""/>
      <property id="config.bsp.common.id3" value=""/>
      <property id="config.bsp.common.id4" value=""/>
      <property id="config.bsp.common.id_fixed" value=""/>
    </config>
  </raBspConfiguration>
  <raClockConfiguration>
    <node id="board.clock.xtal.freq" mul="24000000" option="_edit"/>
    <node id="board.clock.usbmclk.freq" option="board.clock.usbmclk.freq"/>
    <node id="board.clock.pll.source" option="board.clock.pll.source.xtal"/>
    <node id="board.clock.hoco.freq" option="board.clock.hoco.freq.20m"/>
    <node id="board.clock.loco.freq" option="board.clock.loco.freq.32768"/>
    <node id="board.clock.moco.freq" option="board.clock.moco.freq.8m"/>
    <node id="board.clock.subclk.freq" option="board.clock.subclk.freq.32768"/>
    <node id="board.clock.pll.div" option="board.clock.pll.div.2"/>
    <node id="board.clock.pll.mul" option="board.clock.pll.mul.200"/>
    <node id="board.clock.pll.display" option="board.clock.pll.display.value"/>
    <node id="board.clock.clock.source" option="board.clock.clock.source.pll"/>
    <node id="board.clock.iclk.div" option="board.clock.iclk.div.2"/>
    <node id="board.clock.iclk.display" option="board.clock.iclk.display.value"/>
    <node id="board.clock.pclka.div" option="board.clock.pclka.div.2"/>
    <node id="board.clock.pclka.display" option="board.clock.pclka.display.value"/>
    <node id="board.clock.pclkb.div" option="board.clock.pclkb.div.4"/>
    <node id="board.clock.pclkb.display" option="board.clock.pclkb.display.value"/>
    <node id="board.clock.pclkc.div" option="board.clock.pclkc.div.4"/>
    <node id="board.clock.pclkc.display" option="board.clock.pclkc.display.value"/>
    <node id="board.clock.pclkd.div" option="board.clock.pclkd.div.2"/>
    <node id="board.clock.pclkd.display" option="board.clock.pclkd.display.value"/>
    <node id="board.clock.sdclkout.div" option="board.clock.sdclkout.div.1"/>
    <node id="board.clock.sdclkout.display" option="board.clock.sdclkout.display.value"/>
    <node id="board.clock.bclk.div" option="board.clock.bclk.div.2"/>
    <node id="board.clock.bclk.display" option="board.clock.bclk.display.value"/>
    <node id="board.clock.bclkout.div" option="board.clock.bclkout.div.2"/>
    <node id="board.clock.bclkout.display" option="board.clock.bclkout.display.value"/>
    <node id="board.clock.uclk.div" option="board.clock.uclk.div.5"/>
    <node id="board.clock.uclk.display" option="board.clock.uclk.display.value"/>
    <node id="board.clock.fclk.div" option="board.clock.fclk.div.4"/>
    <node id="board.clock.fclk.display" option="board.clock.fclk.display.value"/>
    <node id="board.clock.clkout.source" option="board.clock.clkout.source.disabled"/>
    <node id="board.clock.clkout.div" option="board.clock.clkout.div.1"/>
    <node id="board.clock.clkout.display" option="board.clock.clkout.display.value"/>
  </raClockConfiguration>
  <raComponentSelection>
    <component apiversion="" class="HAL Drivers" condition="" group="all" subgroup="r_ioport" variant="" vendor="Renesas" version="0.8.0">
      <description>I/O Port</description>
      <originalPack>Renesas.RA.0.8.0.pack</originalPack>
    </component>
    <component apiversion="" class="Common" condition="" group="all" subgroup="fsp_common" variant="" vendor="Renesas" version="0.8.0">
      <description>Board Support Package Common Files</description>
      <originalPack>Renesas.RA.0.8.0.pack</originalPack>
    </component>
    <component apiversion="" class="CMSIS" condition="" group="CMSIS5" subgroup="CoreM" variant="" vendor="Arm" version="5.5.1">
      <description>Arm CMSIS Version 5 - Core (M)</description>
      <originalPack>Arm.CMSIS5.5.5.1.pack</originalPack>
    </component>
    <component apiversion="" class="RTOS" condition="" group="FreeRTOS" subgroup="all" variant="" vendor="AWS" version="0.8.0">
      <description>Amazon FreeRTOS</description>
      <originalPack>Amazon.AWS.0.8.0.pack</originalPack>
    </component>
    <component apiversion="" class="BSP" condition="" group="Board" subgroup="ra6m3g_ek" variant="" vendor="Renesas" version="0.8.0">
      <description>RA6M3G-EK Board Support Files</description>
      <originalPack>Renesas.RA_board_ra6m3g_ek.0.8.0.pack</originalPack>
    </component>
    <component apiversion="" class="BSP" condition="" group="ra6m3" subgroup="device" variant="R7FA6M3AH3CFC" vendor="Renesas" version="0.8.0">
      <description>Board support package for R7FA6M3AH3CFC</description>
      <originalPack>Renesas.RA_mcu_ra6m3.0.8.0.pack</originalPack>
    </component>
    <component apiversion="" class="BSP" condition="" group="ra6m3" subgroup="device" variant="" vendor="Renesas" version="0.8.0">
      <description>Board support package for RA6M3</description>
      <originalPack>Renesas.RA_mcu_ra6m3.0.8.0.pack</originalPack>
    </component>
    <component apiversion="" class="BSP" condition="" group="ra6m3" subgroup="fsp" variant="" vendor="Renesas" version="0.8.0">
      <description>Board support package for RA6M3</description>
      <originalPack>Renesas.RA_mcu_ra6m3.0.8.0.pack</originalPack>
    </component>
    <component apiversion="" class="Heaps" condition="" group="FreeRTOS" subgroup="heap_4" variant="" vendor="AWS" version="0.8.0">
      <description>Amazon FreeRTOS - Memory Management - Heap 4</description>
      <originalPack>Amazon.AWS.0.8.0.pack</originalPack>
    </component>
    <component apiversion="" class="Middleware" condition="" group="all" subgroup="rm_freertos_plus_tcp" variant="" vendor="Renesas" version="0.8.0">
      <description>r_ether to FreeRTOS+TCP Wrapper</description>
      <originalPack>Renesas.RA.0.8.0.pack</originalPack>
    </component>
    <component apiversion="" class="HAL Drivers" condition="" group="all" subgroup="r_ether" variant="" vendor="Renesas" version="0.8.0">
      <description>Ethernet</description>
      <originalPack>Renesas.RA.0.8.0.pack</originalPack>
    </component>
    <component apiversion="" class="HAL Drivers" condition="" group="all" subgroup="r_ether_phy" variant="" vendor="Renesas" version="0.8.0">
      <description>Ethernet PHY</description>
      <originalPack>Renesas.RA.0.8.0.pack</originalPack>
    </component>
    <component apiversion="" class="Libraries" condition="" group="FreeRTOS_Plus" subgroup="FreeRTOS_Plus_TCP" variant="" vendor="AWS" version="0.8.0">
      <description>FreeRTOS+TCP</description>
      <originalPack>Amazon.AWS.0.8.0.pack</originalPack>
    </component>
    <component apiversion="" class="Libraries" condition="" group="FreeRTOS" subgroup="BufferAllocation2" variant="" vendor="AWS" version="0.8.0">
      <description>Amazon FreeRTOS - Buffer Allocation 2</description>
      <originalPack>Amazon.AWS.0.8.0.pack</originalPack>
    </component>
  </raComponentSelection>
  <raIcuConfiguration/>
  <raModuleConfiguration>
    <module id="module.driver.ioport_on_ioport.0">
      <property id="module.driver.ioport.name" value="g_ioport"/>
      <property id="module.driver.ioport.elc_trigger_ioport1" value="_disabled"/>
      <property id="module.driver.ioport.elc_trigger_ioport2" value="_disabled"/>
      <property id="module.driver.ioport.elc_trigger_ioport3" value="_disabled"/>
      <property id="module.driver.ioport.elc_trigger_ioport4" value="_disabled"/>
    </module>
    <module id="module.aws.freertosplus.freertosplus_tcp.1377335905"/>
    <module id="module.driver.freertos_plus_tcp_on_ether.679577076"/>
    <module id="module.driver.ether_on_ether.1516561542">
      <property id="module.driver.ether.name" value="g_ether0"/>
      <property id="module.driver.ether.mac_address" value="00:11:22:33:44:55"/>
      <property id="module.driver.ether.channel" value="module.driver.ether.channel.0"/>
      <property id="module.driver.ether.zerocopy" value="module.driver.ether.zerocopy.0"/>
      <property id="module.driver.ether.multicast" value="module.driver.ether.multicast.1"/>
      <property id="module.driver.ether.promiscuous" value="module.driver.ether.promiscuous.0"/>
      <property id="module.driver.ether.flow_control" value="module.driver.ether.flow_control.0"/>
      <property id="module.driver.ether.broadcast_filter" value="0"/>
      <property id="module.driver.ether.num_tx_descriptors" value="1"/>
      <property id="module.driver.ether.num_rx_descriptors" value="1"/>
      <property id="module.driver.ether.ether_buffer_size" value="1514"/>
      <property id="module.driver.ether.interrupt_priority" value="board.icu.common.irq.priority12"/>
      <property id="module.driver.ether.p_callback" value="NULL"/>
    </module>
    <module id="module.driver.ether_phy_on_ether_phy.2033244871">
      <property id="module.driver.ether_phy.name" value="g_ether_phy0"/>
      <property id="module.driver.ether_phy.channel" value="module.driver.ether_phy.channel.0"/>
      <property id="module.driver.ether_phy.phy_lsi_address" value="0"/>
      <property id="module.driver.ether_phy.phy_reset_wait_time" value="0x00020000"/>
      <property id="module.driver.ether_phy.mii_bit_access_wait_time" value="8"/>
      <property id="module.driver.ether_phy.flow_control" value="module.driver.ether_phy.flow_control.0"/>
    </module>
    <module id="module.freertos.bufferallocation2.618443270"/>
    <module id="module.freertos.heap.4.150882444"/>
    <context id="_hal.0">
      <stack module="module.driver.ioport_on_ioport.0"/>
    </context>
    <context id="rtos.awsfreertos.thread.1236646722">
      <property id="_symbol" value="wolfssl_thread"/>
      <property id="rtos.awsfreertos.thread.name" value="wolfssl_test_thread"/>
      <property id="rtos.awsfreertos.thread.stack" value="80000"/>
      <property id="rtos.awsfreertos.thread.priority" value="1"/>
      <property id="rtos.awsfreertos.thread.context" value="NULL"/>
      <property id="rtos.awsfreertos.thread.allocation" value="rtos.awsfreertos.thread.allocation.dynamic"/>
      <stack module="module.aws.freertosplus.freertosplus_tcp.1377335905">
        <stack module="module.driver.freertos_plus_tcp_on_ether.679577076" requires="module.aws.freertosplus.freertosplus_tcp.requires.freertosplus_tcp_driver">
          <stack module="module.driver.ether_on_ether.1516561542" requires="module.driver.freertos_plus_tcp_on_ether.requires.ether">
            <stack module="module.driver.ether_phy_on_ether_phy.2033244871" requires="module.driver.ether.requires.ether_phy"/>
          </stack>
          <stack module="module.freertos.bufferallocation2.618443270" requires="module.driver.freertos_plus_tcp_on_ether.requires.bufferallocation2">
            <stack module="module.freertos.heap.4.150882444" requires="module.freertos.bufferallocation2.heap"/>
          </stack>
        </stack>
      </stack>
    </context>
    <config id="config.driver.ether_phy">
      <property id="config.driver.ether_phy.param_checking_enable" value="config.driver.ether_phy.param_checking_enable.bsp"/>
      <property id="config.driver.ether_phy.use_phy" value="config.driver.ether_phy.use_phy.default"/>
    </config>
    <config id="config.aws.freertosplus.freertosplus_tcp">
      <property id="config.aws.freertosplus.freertosplus_tcp.ipconfigHAS_DEBUG_PRINTF" value="config.aws.freertosplus.freertosplus_tcp.ipconfigHAS_DEBUG_PRINTF.1"/>
      <property id="config.aws.freertosplus.freertosplus_tcp.ipconfigHAS_PRINTF" value="config.aws.freertosplus.freertosplus_tcp.ipconfigHAS_PRINTF.1"/>
      <property id="config.aws.freertosplus.freertosplus_tcp.ipconfigBYTE_ORDER" value="aws.freertosplus.freertosplus_tcp.ipconfigBYTE_ORDER.pdFREERTOS_LITTLE_ENDIAN"/>
      <property id="config.aws.freertosplus.freertosplus_tcp.ipconfigDRIVER_INCLUDED_RX_IP_CHECKSUM" value="config.aws.freertosplus.freertosplus_tcp.ipconfigDRIVER_INCLUDED_RX_IP_CHECKSUM.1"/>
      <property id="config.aws.freertosplus.freertosplus_tcp.ipconfigSOCK_DEFAULT_RECEIVE_BLOCK_TIME" value="10000"/>
      <property id="config.aws.freertosplus.freertosplus_tcp.ipconfigSOCK_DEFAULT_SEND_BLOCK_TIME" value="10000"/>
      <property id="config.aws.freertosplus.freertosplus_tcp.ipconfigUSE_DNS_CACHE" value="config.aws.freertosplus.freertosplus_tcp.ipconfigUSE_DNS_CACHE.1"/>
      <property id="config.aws.freertosplus.freertosplus_tcp.ipconfigDNS_REQUEST_ATTEMPTS" value="2"/>
      <property id="config.aws.freertosplus.freertosplus_tcp.ipconfigIP_TASK_PRIORITY" value="configMAX_PRIORITIES - 2"/>
      <property id="config.aws.freertosplus.freertosplus_tcp.ipconfigIP_TASK_STACK_SIZE_WORDS" value="configMINIMAL_STACK_SIZE * 5"/>
      <property id="config.aws.freertosplus.freertosplus_tcp.ipconfigUSE_NETWORK_EVENT_HOOK" value="config.aws.freertosplus.freertosplus_tcp.ipconfigUSE_NETWORK_EVENT_HOOK.0"/>
      <property id="config.aws.freertosplus.freertosplus_tcp.ipconfigUDP_MAX_SEND_BLOCK_TIME_TICKS" value="15000 / portTICK_PERIOD_MS"/>
      <property id="config.aws.freertosplus.freertosplus_tcp.ipconfigUSE_DHCP" value="config.aws.freertosplus.freertosplus_tcp.ipconfigUSE_DHCP.0"/>
      <property id="config.aws.freertosplus.freertosplus_tcp.ipconfigDHCP_REGISTER_HOSTNAME" value="config.aws.freertosplus.freertosplus_tcp.ipconfigDHCP_REGISTER_HOSTNAME.1"/>
      <property id="config.aws.freertosplus.freertosplus_tcp.ipconfigDHCP_USES_UNICAST" value="config.aws.freertosplus.freertosplus_tcp.ipconfigDHCP_USES_UNICAST.1"/>
      <property id="config.aws.freertosplus.freertosplus_tcp.ipconfigDHCP_SEND_DISCOVER_AFTER_AUTO_IP" value="config.aws.freertosplus.freertosplus_tcp.ipconfigDHCP_SEND_DISCOVER_AFTER_AUTO_IP.1"/>
      <property id="config.aws.freertosplus.freertosplus_tcp.ipconfigUSE_DHCP_HOOK" value="config.aws.freertosplus.freertosplus_tcp.ipconfigUSE_DHCP_HOOK.0"/>
      <property id="config.aws.freertosplus.freertosplus_tcp.ipconfigMAXIMUM_DISCOVER_TX_PERIOD" value="120000 / portTICK_PERIOD_MS"/>
      <property id="config.aws.freertosplus.freertosplus_tcp.ipconfigARP_CACHE_ENTRIES" value="6"/>
      <property id="config.aws.freertosplus.freertosplus_tcp.ipconfigMAX_ARP_RETRANSMISSIONS" value="5"/>
      <property id="config.aws.freertosplus.freertosplus_tcp.ipconfigMAX_ARP_AGE" value="150"/>
      <property id="config.aws.freertosplus.freertosplus_tcp.ipconfigINCLUDE_FULL_INET_ADDR" value="config.aws.freertosplus.freertosplus_tcp.ipconfigINCLUDE_FULL_INET_ADDR.1"/>
      <property id="config.aws.freertosplus.freertosplus_tcp.ipconfigNUM_NETWORK_BUFFER_DESCRIPTORS" value="10"/>
      <property id="config.aws.freertosplus.freertosplus_tcp.ipconfigEVENT_QUEUE_LENGTH" value="ipconfigNUM_NETWORK_BUFFER_DESCRIPTORS + 5"/>
      <property id="config.aws.freertosplus.freertosplus_tcp.ipconfigALLOW_SOCKET_SEND_WITHOUT_BIND" value="config.aws.freertosplus.freertosplus_tcp.ipconfigALLOW_SOCKET_SEND_WITHOUT_BIND.0"/>
      <property id="config.aws.freertosplus.freertosplus_tcp.ipconfigUDP_TIME_TO_LIVE" value="128"/>
      <property id="config.aws.freertosplus.freertosplus_tcp.ipconfigTCP_TIME_TO_LIVE" value="128"/>
      <property id="config.aws.freertosplus.freertosplus_tcp.ipconfigUSE_TCP" value="config.aws.freertosplus.freertosplus_tcp.ipconfigUSE_TCP.1"/>
      <property id="config.aws.freertosplus.freertosplus_tcp.ipconfigUSE_TCP_WIN" value="config.aws.freertosplus.freertosplus_tcp.ipconfigUSE_TCP_WIN.0"/>
      <property id="config.aws.freertosplus.freertosplus_tcp.ipconfigNETWORK_MTU" value="1500"/>
      <property id="config.aws.freertosplus.freertosplus_tcp.ipconfigUSE_DNS" value="config.aws.freertosplus.freertosplus_tcp.ipconfigUSE_DNS.1"/>
      <property id="config.aws.freertosplus.freertosplus_tcp.ipconfigREPLY_TO_INCOMING_PINGS" value="config.aws.freertosplus.freertosplus_tcp.ipconfigREPLY_TO_INCOMING_PINGS.1"/>
      <property id="config.aws.freertosplus.freertosplus_tcp.ipconfigSUPPORT_OUTGOING_PINGS" value="config.aws.freertosplus.freertosplus_tcp.ipconfigSUPPORT_OUTGOING_PINGS.0"/>
      <property id="config.aws.freertosplus.freertosplus_tcp.ipconfigSUPPORT_SELECT_FUNCTION" value="config.aws.freertosplus.freertosplus_tcp.ipconfigSUPPORT_SELECT_FUNCTION.0"/>
      <property id="config.aws.freertosplus.freertosplus_tcp.ipconfigFILTER_OUT_NON_ETHERNET_II_FRAMES" value="config.aws.freertosplus.freertosplus_tcp.ipconfigFILTER_OUT_NON_ETHERNET_II_FRAMES.1"/>
      <property id="config.aws.freertosplus.freertosplus_tcp.ipconfigETHERNET_DRIVER_FILTERS_FRAME_TYPES" value="config.aws.freertosplus.freertosplus_tcp.ipconfigETHERNET_DRIVER_FILTERS_FRAME_TYPES.0"/>
      <property id="configWINDOWS_MAC_INTERRUPT_SIMULATOR_DELAY" value="20 / portTICK_PERIOD_MS"/>
      <property id="config.aws.freertosplus.freertosplus_tcp.ipconfigPACKET_FILLER_SIZE" value="2"/>
      <property id="config.aws.freertosplus.freertosplus_tcp.ipconfigTCP_WIN_SEG_COUNT" value="240"/>
      <property id="config.aws.freertosplus.freertosplus_tcp.ipconfigTCP_RX_BUFFER_LENGTH" value="3000"/>
      <property id="config.aws.freertosplus.freertosplus_tcp.ipconfigTCP_TX_BUFFER_LENGTH" value="3000"/>
      <property id="config.aws.freertosplus.freertosplus_tcp.ipconfigTCP_KEEP_ALIVE" value="config.aws.freertosplus.freertosplus_tcp.ipconfigTCP_KEEP_ALIVE.1"/>
      <property id="config.aws.freertosplus.freertosplus_tcp.ipconfigTCP_KEEP_ALIVE_INTERVAL" value="120"/>
      <property id="config.aws.freertosplus.freertosplus_tcp.ipconfigSOCKET_HAS_USER_SEMAPHORE" value="config.aws.freertosplus.freertosplus_tcp.ipconfigSOCKET_HAS_USER_SEMAPHORE.0"/>
      <property id="config.aws.freertosplus.freertosplus_tcp.ipconfigSOCKET_HAS_USER_WAKE_CALLBACK" value="config.aws.freertosplus.freertosplus_tcp.ipconfigSOCKET_HAS_USER_WAKE_CALLBACK.1"/>
      <property id="config.aws.freertosplus.freertosplus_tcp.ipconfigUSE_CALLBACKS" value="config.aws.freertosplus.freertosplus_tcp.ipconfigUSE_CALLBACKS.0"/>
      <property id="config.aws.freertosplus.freertosplus_tcp.ipconfigZERO_COPY_TX_DRIVER" value="config.aws.freertosplus.freertosplus_tcp.ipconfigZERO_COPY_TX_DRIVER.0"/>
      <property id="config.aws.freertosplus.freertosplus_tcp.ipconfigZERO_COPY_RX_DRIVER" value="config.aws.freertosplus.freertosplus_tcp.ipconfigZERO_COPY_RX_DRIVER.0"/>
      <property id="config.aws.freertosplus.freertosplus_tcp.ipconfigUSE_LINKED_RX_MESSAGES" value="config.aws.freertosplus.freertosplus_tcp.ipconfigUSE_LINKED_RX_MESSAGES.0"/>
    </config>
    <config id="config.driver.ioport">
      <property id="config.driver.ioport.checking" value="config.driver.ioport.checking.system"/>
    </config>
    <config id="config.driver.ether">
      <property id="config.driver.ether.param_checking_enable" value="config.driver.ether.param_checking_enable.bsp"/>
      <property id="config.driver.ether.link_present" value="config.driver.ether.link_present.value"/>
      <property id="config.driver.ether.use_linksta" value="config.driver.ether.use_linksta.value"/>
    </config>
    <config id="config.awsfreertos.thread">
      <property id="config.awsfreertos.custom_freertosconfig" value=""/>
      <property id="config.awsfreertos.thread.configuse_preemption" value="config.awsfreertos.thread.configuse_preemption.enabled"/>
      <property id="config.awsfreertos.thread.configuse_port_optimised_task_selection" value="config.awsfreertos.thread.configuse_port_optimised_task_selection.disabled"/>
      <property id="config.awsfreertos.thread.configuse_tickless_idle" value="config.awsfreertos.thread.configuse_tickless_idle.disabled"/>
      <property id="config.awsfreertos.thread.configuse_idle_hook" value="config.awsfreertos.thread.configuse_idle_hook.enabled"/>
      <property id="config.awsfreertos.thread.configuse_malloc_failed_hook" value="config.awsfreertos.thread.configuse_malloc_failed_hook.disabled"/>
      <property id="config.awsfreertos.thread.configuse_daemon_task_startup_hook" value="config.awsfreertos.thread.configuse_daemon_task_startup_hook.disabled"/>
      <property id="config.awsfreertos.thread.configuse_tick_hook" value="config.awsfreertos.thread.configuse_tick_hook.disabled"/>
      <property id="config.awsfreertos.thread.configcpu_clock_hz" value="SystemCoreClock"/>
      <property id="config.awsfreertos.thread.configtick_rate_hz" value="1000"/>
      <property id="config.awsfreertos.thread.configmax_priorities" value="5"/>
      <property id="config.awsfreertos.thread.configminimal_stack_size" value="128"/>
      <property id="config.awsfreertos.thread.configmax_task_name_len" value="16"/>
      <property id="config.awsfreertos.thread.configuse_trace_facility" value="config.awsfreertos.thread.configuse_trace_facility.disabled"/>
      <property id="config.awsfreertos.thread.configuse_stats_formatting_functions" value="config.awsfreertos.thread.configuse_stats_formatting_functions.disabled"/>
      <property id="config.awsfreertos.thread.configuse_16_bit_ticks" value="config.awsfreertos.thread.configuse_16_bit_ticks.disabled"/>
      <property id="config.awsfreertos.thread.configidle_should_yield" value="config.awsfreertos.thread.configidle_should_yield.enabled"/>
      <property id="config.awsfreertos.thread.configuse_task_notifications" value="config.awsfreertos.thread.configuse_task_notifications.enabled"/>
      <property id="config.awsfreertos.thread.configuse_mutexes" value="config.awsfreertos.thread.configuse_mutexes.enabled"/>
      <property id="config.awsfreertos.thread.configuse_recursive_mutexes" value="config.awsfreertos.thread.configuse_recursive_mutexes.disabled"/>
      <property id="config.awsfreertos.thread.configuse_counting_semaphores" value="config.awsfreertos.thread.configuse_counting_semaphores.enabled"/>
      <property id="config.awsfreertos.thread.configcheck_for_stack_overflow" value="config.awsfreertos.thread.configcheck_for_stack_overflow.disabled"/>
      <property id="config.awsfreertos.thread.configqueue_registry_size" value="10"/>
      <property id="config.awsfreertos.thread.configuse_queue_sets" value="config.awsfreertos.thread.configuse_queue_sets.disabled"/>
      <property id="config.awsfreertos.thread.configuse_time_slicing" value="config.awsfreertos.thread.configuse_time_slicing.disabled"/>
      <property id="config.awsfreertos.thread.configuse_newlib_reentrant" value="config.awsfreertos.thread.configuse_newlib_reentrant.disabled"/>
      <property id="config.awsfreertos.thread.configenable_backward_compatibility" value="config.awsfreertos.thread.configenable_backward_compatibility.enabled"/>
      <property id="config.awsfreertos.thread.confignum_thread_local_storage_pointers" value="5"/>
      <property id="config.awsfreertos.thread.configstack_depth_type" value="uint32_t"/>
      <property id="config.awsfreertos.thread.configmessage_buffer_length_type" value="size_t"/>
      <property id="config.awsfreertos.thread.configsupport_static_allocation" value="config.awsfreertos.thread.configsupport_static_allocation.enabled"/>
      <property id="config.awsfreertos.thread.configsupport_dynamic_allocation" value="config.awsfreertos.thread.configsupport_dynamic_allocation.enabled"/>
      <property id="config.awsfreertos.thread.configtotal_heap_size" value="400000"/>
      <property id="config.awsfreertos.thread.configapplication_allocated_heap" value="config.awsfreertos.thread.configapplication_allocated_heap.disabled"/>
      <property id="config.awsfreertos.thread.configgenerate_run_time_stats" value="config.awsfreertos.thread.configgenerate_run_time_stats.disabled"/>
      <property id="config.awsfreertos.thread.configuse_timers" value="config.awsfreertos.thread.configuse_timers.enabled"/>
      <property id="config.awsfreertos.thread.configtimer_task_priority" value="3"/>
      <property id="config.awsfreertos.thread.configtimer_queue_length" value="10"/>
      <property id="config.awsfreertos.thread.configtimer_task_stack_depth" value="128"/>
      <property id="config.awsfreertos.thread.configlibrary_max_syscall_interrupt_priority" value="board.icu.common.irq.priority1"/>
      <property id="config.awsfreertos.thread.configassert" value="assert ( x )"/>
      <property id="config.awsfreertos.thread.configinclude_application_defined_privileged_functions" value="config.awsfreertos.thread.configinclude_application_defined_privileged_functions.disabled"/>
      <property id="config.awsfreertos.thread.include_vtaskpriorityset" value="config.awsfreertos.thread.include_vtaskpriorityset.enabled"/>
      <property id="config.awsfreertos.thread.include_uxtaskpriorityget" value="config.awsfreertos.thread.include_uxtaskpriorityget.enabled"/>
      <property id="config.awsfreertos.thread.include_vtaskdelete" value="config.awsfreertos.thread.include_vtaskdelete.enabled"/>
      <property id="config.awsfreertos.thread.include_vtasksuspend" value="config.awsfreertos.thread.include_vtasksuspend.enabled"/>
      <property id="config.awsfreertos.thread.include_xresumefromisr" value="config.awsfreertos.thread.include_xresumefromisr.enabled"/>
      <property id="config.awsfreertos.thread.include_vtaskdelayuntil" value="config.awsfreertos.thread.include_vtaskdelayuntil.enabled"/>
      <property id="config.awsfreertos.thread.include_vtaskdelay" value="config.awsfreertos.thread.include_vtaskdelay.enabled"/>
      <property id="config.awsfreertos.thread.include_xtaskgetschedulerstate" value="config.awsfreertos.thread.include_xtaskgetschedulerstate.enabled"/>
      <property id="config.awsfreertos.thread.include_xtaskgetcurrenttaskhandle" value="config.awsfreertos.thread.include_xtaskgetcurrenttaskhandle.enabled"/>
      <property id="config.awsfreertos.thread.include_uxtaskgetstackhighwatermark" value="config.awsfreertos.thread.include_uxtaskgetstackhighwatermark.disabled"/>
      <property id="config.awsfreertos.thread.include_xtaskgetidletaskhandle" value="config.awsfreertos.thread.include_xtaskgetidletaskhandle.disabled"/>
      <property id="config.awsfreertos.thread.include_etaskgetstate" value="config.awsfreertos.thread.include_etaskgetstate.disabled"/>
      <property id="config.awsfreertos.thread.include_xeventgroupsetbitfromisr" value="config.awsfreertos.thread.include_xeventgroupsetbitfromisr.enabled"/>
      <property id="config.awsfreertos.thread.include_xtimerpendfunctioncall" value="config.awsfreertos.thread.include_xtimerpendfunctioncall.disabled"/>
      <property id="config.awsfreertos.thread.include_xtaskabortdelay" value="config.awsfreertos.thread.include_xtaskabortdelay.disabled"/>
      <property id="config.awsfreertos.thread.include_xtaskgethandle" value="config.awsfreertos.thread.include_xtaskgethandle.disabled"/>
      <property id="config.awsfreertos.thread.include_xtaskresumefromisr" value="config.awsfreertos.thread.include_xtaskresumefromisr.enabled"/>
      <property id="config.awsfreertos.thread.include_hw_stack_monitor" value="config.awsfreertos.thread.include_hw_stack_monitor.enabled"/>
    </config>
  </raModuleConfiguration>
  <raPinConfiguration>
    <pincfg active="true" name="RA6M3G-EK.pincfg" symbol="g_bsp_pin_cfg"/>
  </raPinConfiguration>
</raConfiguration>
